Family Name,File Path
Door-Interior-Single-1_Panel-Wood.rfa,C:\ProgramData\Autodesk\RVT 2016\Libraries\US Imperial\Doors\Residential
Door-Interior-Single-2_Panel-Wood.rfa,C:\ProgramData\Autodesk\RVT 2016\Libraries\US Imperial\Doors\Residential
Door-Interior-Single-Pocket-2_Panel-Wood.rfa,C:\ProgramData\Autodesk\RVT 2016\Libraries\US Imperial\Doors\Residential
Casement Dbl with Trim.rfa,C:\ProgramData\Autodesk\RVT 2016\Libraries\US Imperial\Windows
Casement with Trim.rfa,C:\ProgramData\Autodesk\RVT 2016\Libraries\US Imperial\Windows
Double Hung with Trim.rfa,C:\ProgramData\Autodesk\RVT 2016\Libraries\US Imperial\Windows
Double Hung.rfa,C:\ProgramData\Autodesk\RVT 2016\Libraries\US Imperial\Windows
Slider with Trim.rfa,C:\ProgramData\Autodesk\RVT 2016\Libraries\US Imperial\Windows
Cook Top-4 Unit.rfa,C:\ProgramData\Autodesk\RVT 2016\Libraries\US Imperial\Specialty Equipment\Domestic
Dishwasher.rfa,C:\ProgramData\Autodesk\RVT 2016\Libraries\US Imperial\Specialty Equipment\Domestic
Range.rfa,C:\ProgramData\Autodesk\RVT 2016\Libraries\US Imperial\Specialty Equipment\Domestic
Refrigerator.rfa,C:\ProgramData\Autodesk\RVT 2016\Libraries\US Imperial\Specialty Equipment\Domestic
Washer.rfa,C:\ProgramData\Autodesk\RVT 2016\Libraries\US Imperial\Specialty Equipment\Domestic
Dryer.rfa,C:\ProgramData\Autodesk\RVT 2016\Libraries\US Imperial\Specialty Equipment\Domestic
Counter Top.rfa,C:\ProgramData\Autodesk\RVT 2016\Libraries\US Imperial\Casework\Counter Tops
Counter Top-Island.rfa,C:\ProgramData\Autodesk\RVT 2016\Libraries\US Imperial\Casework\Counter Tops
Counter Top w Sink.rfa,C:\ProgramData\Autodesk\RVT 2016\Libraries\US Imperial\Casework\Counter Tops
Base Cabinet-4 Drawers.rfa,C:\ProgramData\Autodesk\RVT 2016\Libraries\US Imperial\Casework\Base Cabinets
Base Cabinet-Single Door & Drawer.rfa,C:\ProgramData\Autodesk\RVT 2016\Libraries\US Imperial\Casework\Base Cabinets
Sink Kitchen-Double.rfa,C:\ProgramData\Autodesk\RVT 2016\Libraries\US Imperial\Plumbing\Architectural\Fixtures\Sinks
Sink Kitchen-Single.rfa,C:\ProgramData\Autodesk\RVT 2016\Libraries\US Imperial\Plumbing\Architectural\Fixtures\Sinks
Sink Vanity-Square.rfa,C:\ProgramData\Autodesk\RVT 2016\Libraries\US Imperial\Plumbing\Architectural\Fixtures\Sinks
